{
  "category": [
    {
      "id": "a104",
      "name": "Milkshake",
      "description": "The milkshake made it into the mainstream when in 1922 a Walgreens employee in Chicago, Ivar “Pop” Coulson,"
    },
    {
      "id": "c2f5",
      "name": "Hamburger",
      "description": "Meat that has been cut up small and pressed into a flat round shape. Hamburgers are often eaten in a bread roll"
    },
    {
      "id": "0d5e",
      "name": "yy",
      "description": "yy"
    },
    {
      "id": "b416",
      "name": "kk",
      "description": "kk"
    },
    {
      "id": "daef",
      "name": "aa",
      "description": "aa"
    },
    {
      "id": "6a65",
      "name": "cc",
      "description": "cc"
    },
    {
      "id": "bbaf",
      "name": "okok",
      "description": "ok11"
    },
    {
      "id": "c938",
      "name": "11",
      "description": "11"
    },
    {
      "id": "1275",
      "name": "33",
      "description": "33"
    }
  ],
  "subcategory": [
    {
      "id": "e2a3",
      "categoryid": "a104",
      "subname": "Vanilla special",
      "subdesc": "Top with whipped cream, a wafer and a cherry."
    },
    {
      "id": "4f0c",
      "categoryid": "a104",
      "subname": "Cool mint",
      "subdesc": "Aero Peppermint Bubbles and a Mini Corinthian wafer."
    },
    {
      "id": "acdd",
      "categoryid": "c2f5",
      "subname": "Turkey Burger",
      "subdesc": " Turkey is the tastiest, most delicious and most dry meat with different flavours, making it the ideal alternative to the red meat used in burger patties."
    },
    {
      "id": "a029",
      "categoryid": "c2f5",
      "subname": "Classic Burger",
      "subdesc": "The classic beef burger is a staple of Australian cuisine. It typically consists of a beef patty, lettuce, tomato, cheese and various sauces, all served on a bun. "
    },
    {
      "id": "a513",
      "categoryid": "6bee",
      "subname": "Mexican Burritos",
      "subdesc": "Mexicans are proud of their flour tortillas."
    },
    {
      "id": "390d",
      "categoryid": "6bee",
      "subname": "Breakfast Burritos",
      "subdesc": "Scrambled eggs, chorizo, potatoes, cheese, as well as a combination of bacon, carne asada, hash browns, fries, salsas, mashed avocado, pickled jalapeños, pico de gallo, wrapped in a tortilla."
    },
    {
      "id": "7fc8",
      "categoryid": "f5cd",
      "subname": "Chicago-style hot dog",
      "subdesc": " an all-beef frankfurter on a steamed poppy seed bun that originated in the city of Chicago, Illinois"
    },
    {
      "id": "079c",
      "categoryid": "f5cd",
      "subname": "Chili dog ",
      "subdesc": "the generic name for a hot dog served in a bun and topped with some sort of meat sauce, such as chili con carne."
    },
    {
      "id": "7e41",
      "categoryid": "9c11",
      "subname": "Chicago Style",
      "subdesc": "A Chicago-style pizza is prepared using several different styles developed in Chicago. It is also referred to as a deep-dish pizza because of its cooking style."
    },
    {
      "id": "150e",
      "categoryid": "9c11",
      "subname": "Brick Oven Pizza",
      "subdesc": "As the name suggests, a brick oven pizza is the one that’s cooked in a brick oven instead of a conventional oven powered by electricity."
    },
    {
      "id": "1b34",
      "categoryid": "9c11",
      "subname": "Italian Pizza",
      "subdesc": "An Italian pizza refers to the one that’s cooked in a very hot oven and features a thin crust and simple flavors. It is the most common type of pizza served in most places."
    },
    {
      "id": "c903",
      "categoryid": "0d5e",
      "subname": "ok11",
      "subdesc": "ok"
    }
  ],
  "product": [
    {
      "id": "1829",
      "categoryid": "a104",
      "subcatid": "e2a3",
      "productName": "kk",
      "price": "55",
      "productDesc": "vv"
    },
    {
      "id": "56cd",
      "categoryid": "c2f5",
      "subcatid": "a029",
      "productName": "dfgs",
      "price": "22",
      "productDesc": "dfghdf"
    },
    {
      "id": "1a30",
      "categoryid": "c2f5",
      "subcatid": "acdd",
      "productName": "burger",
      "price": "110",
      "productDesc": "poteto slice"
    }
  ],
  "coupon": [
    {
      "id": "eba9",
      "couponCode": "Cd34s",
      "discountPercentage": 10
    },
    {
      "id": "0322",
      "couponCode": "kPf67",
      "discountPercentage": 5
    },
    {
      "id": "438b",
      "couponCode": "jS567",
      "discountPercentage": 15
    },
    {
      "id": "3f13",
      "couponCode": "frd4K",
      "discountPercentage": 2
    },
    {
      "id": "3889",
      "couponCode": "852jh",
      "discountPercentage": 12
    }
  ],
  "reviews": [
    {
      "id": "b408",
      "name": "dfd",
      "email": "dfd@ff.ff",
      "review": "gggggggggggggggggggg",
      "rating": 4,
      "productId": "1829",
      "userId": "2222",
      "status": "active"
    },
    {
      "id": "473e",
      "name": "aa",
      "email": "aa@gmail.com",
      "review": "aa",
      "rating": 2,
      "productId": "56cd",
      "userId": "1111",
      "status": "active"
    },
    {
      "id": "a8da",
      "name": "fewdryhsrt",
      "email": "aserf@gmail.com",
      "review": "sturtasfsd",
      "rating": 4,
      "productId": "1829",
      "userId": "1111",
      "status": "active"
    }
  ],
  "checkout": [
    {
      "id": "7d4b",
      "uid": "111",
      "Status": "pending",
      "cart": [
        {
          "pid": "56cd",
          "qty": 1,
          "amt": 22
        }
      ],
      "billing_details": {
        "name": "xfvb",
        "lastname": "df",
        "country": "USA",
        "address": "deth rttyh",
        "city": "India",
        "pincode": "123456",
        "mobileNumber": "1234567890",
        "email": "aa123@gmail.com",
        "Delivery": true
      },
      "total_amt": 22
    },
    {
      "id": "5e77",
      "uid": "111",
      "Status": "delivered",
      "cart": [
        {
          "pid": "1829",
          "qty": 1,
          "amt": 55
        },
        {
          "pid": "56cd",
          "qty": 1,
          "amt": 22
        }
      ],
      "billing_details": {
        "name": "frg",
        "lastname": "sdegh",
        "country": "USA",
        "address": "derty sdery rftyu",
        "city": "USA",
        "pincode": "123456",
        "mobileNumber": "2353856857",
        "email": "aa123@gmail.com",
        "Delivery": true
      },
      "total_amt": 77
    },
    {
      "id": "5794",
      "uid": "111",
      "Status": "transit",
      "cart": [
        {
          "pid": "1829",
          "qty": 1,
          "amt": 55
        },
        {
          "pid": "56cd",
          "qty": 2,
          "amt": 44
        }
      ],
      "billing_details": {
        "name": "srthy",
        "lastname": "kk",
        "country": "India",
        "address": "dswad",
        "city": "India",
        "pincode": "123456",
        "mobileNumber": "2353856857",
        "email": "aesha@gmail.com",
        "Delivery": true
      },
      "total_amt": 99
    }
  ],
  "user": [
    {
      "id": "8240",
      "name": "aaa",
      "email": "aesha@gmail.com",
      "password": "258"
    },
    {
      "id": "10aa",
      "name": "krups",
      "email": "krups@gmail.com",
      "password": "keups@123"
    },
    {
      "id": "9f65",
      "name": "deni",
      "email": "deni@gmail.com",
      "password": "deni@123"
    },
    {
      "id": "d922",
      "name": "aaa",
      "email": "aesha.kalathiyainfotech@gmail.com",
      "password": "123"
    },
    {
      "id": "d8b0",
      "name": "dfgh",
      "email": "aeshagodhani@gmail.com",
      "password": "Awq111"
    }
  ]
}